load_file,dataset,corruption_name,corruption_severity,Method,BNN,use_pretrained,Tune_last_layer_only,augment_test,seed,val_loss,val_accuracy,base_aic0,base_aic1,base_aic2,up0,up1,up2,elbo,ece
../../../saved_checkpoint/cifar100/cifar100_bottomup_2.model,cifar100c,gaussian_noise,1,bottomup,FALSE,FALSE,FALSE,FALSE,,2.641154318,43.06,52.02,50.13,48.93,15.18,11.39,9.39,0,0.199254587
../../../saved_checkpoint/cifar100/cifar100_bottomup_1.model,cifar100c,gaussian_noise,1,bottomup,FALSE,FALSE,FALSE,FALSE,,2.785458956,39.46,48.03,45.73,44.62,14.07,10.29,8.7,0,0.209348112
../../../saved_checkpoint/cifar100/cifar100_bottomup_2.model,cifar100c,gaussian_noise,2,bottomup,FALSE,FALSE,FALSE,FALSE,,4.230673627,25.39,38.64,35.47,33.75,17.77,13.4,11.22,0,0.311662912
../../../saved_checkpoint/cifar100/cifar100_bottomup_1.model,cifar100c,gaussian_noise,2,bottomup,FALSE,FALSE,FALSE,FALSE,,4.181887685,23.55,34.95,31.92,30.34,15.68,11.59,9.51,0,0.320288986
../../../saved_checkpoint/cifar100/cifar100_bottomup_2.model,cifar100c,gaussian_noise,3,bottomup,FALSE,FALSE,FALSE,FALSE,,5.533017298,15.23,32.62,28.23,26.01,21.11,15.84,13.04,0,0.363333106
../../../saved_checkpoint/cifar100/cifar100_bottomup_1.model,cifar100c,gaussian_noise,3,bottomup,FALSE,FALSE,FALSE,FALSE,,5.132612389,15.36,28.8,25.43,23.51,16.44,12.13,9.99,0,0.364827603
../../../saved_checkpoint/cifar100/cifar100_bottomup_2.model,cifar100c,gaussian_noise,4,bottomup,FALSE,FALSE,FALSE,FALSE,,6.07572661,12.01,31.07,26.5,24.3,21.82,16.63,13.95,0,0.374533117
../../../saved_checkpoint/cifar100/cifar100_bottomup_1.model,cifar100c,gaussian_noise,4,bottomup,FALSE,FALSE,FALSE,FALSE,,5.512141163,12.51,27.3,23.41,21.66,17.31,12.88,10.75,0,0.371436864
../../../saved_checkpoint/cifar100/cifar100_bottomup_2.model,cifar100c,gaussian_noise,5,bottomup,FALSE,FALSE,FALSE,FALSE,,6.506923346,9.57,30.76,26.02,23.41,23.59,18.29,15.4,0,0.377116024
../../../saved_checkpoint/cifar100/cifar100_bottomup_1.model,cifar100c,gaussian_noise,5,bottomup,FALSE,FALSE,FALSE,FALSE,,5.769349007,10.42,26.21,22.32,20.4,18.15,13.6,11.5,0,0.37105912
../../../saved_checkpoint/cifar100/cifar100_bottomup_2.model,cifar100c,snow,1,bottomup,FALSE,FALSE,FALSE,FALSE,,1.482409648,61.8,66.3,65.21,64.62,10.4,7.75,6.46,0,0.102632381
../../../saved_checkpoint/cifar100/cifar100_bottomup_1.model,cifar100c,snow,1,bottomup,FALSE,FALSE,FALSE,FALSE,,1.489241938,60.87,65.65,64.57,64.04,10.16,7.54,6.55,0,0.095661439
../../../saved_checkpoint/cifar100/cifar100_bottomup_2.model,cifar100c,snow,2,bottomup,FALSE,FALSE,FALSE,FALSE,,2.522178426,45.04,52.75,50.86,49.91,13.29,9.96,8.31,0,0.199981362
../../../saved_checkpoint/cifar100/cifar100_bottomup_1.model,cifar100c,snow,2,bottomup,FALSE,FALSE,FALSE,FALSE,,2.467786759,44.9,53.49,51.57,50.59,13.21,10.05,8.57,0,0.188633427
../../../saved_checkpoint/cifar100/cifar100_bottomup_2.model,cifar100c,snow,3,bottomup,FALSE,FALSE,FALSE,FALSE,,2.126341452,49.71,57.05,55.13,54.15,13.22,9.92,8.16,0,0.161349446
../../../saved_checkpoint/cifar100/cifar100_bottomup_3.model,cifar100c,gaussian_noise,1,bottomup,FALSE,FALSE,FALSE,FALSE,,2.65559609,41.4,50.19,48.06,46.95,14.43,10.68,8.99,0,0.201699853
../../../saved_checkpoint/cifar100/cifar100_bottomup_1.model,cifar100c,snow,3,bottomup,FALSE,FALSE,FALSE,FALSE,,2.146793973,49.17,56.49,54.79,53.85,12.94,9.84,8.2,0,0.14874354
../../../saved_checkpoint/cifar100/cifar100_bottomup_2.model,cifar100c,snow,4,bottomup,FALSE,FALSE,FALSE,FALSE,,2.310459109,47.04,54.86,52.93,51.66,13.18,9.95,8.14,0,0.169820935
../../../saved_checkpoint/cifar100/cifar100_bottomup_3.model,cifar100c,gaussian_noise,2,bottomup,FALSE,FALSE,FALSE,FALSE,,4.339249203,25.13,38.24,35.05,33.68,17.67,13.12,11.07,0,0.30950731
../../../saved_checkpoint/cifar100/cifar100_bottomup_1.model,cifar100c,snow,4,bottomup,FALSE,FALSE,FALSE,FALSE,,2.283136912,46.22,53.61,52.03,51.07,12.47,9.27,7.61,0,0.158960387
../../../saved_checkpoint/cifar100/cifar100_bottomup_2.model,cifar100c,snow,5,bottomup,FALSE,FALSE,FALSE,FALSE,,2.764634424,39.87,49.09,46.88,45.54,14.5,10.95,9.07,0,0.205270201
../../../saved_checkpoint/cifar100/cifar100_bottomup_1.model,cifar100c,snow,5,bottomup,FALSE,FALSE,FALSE,FALSE,,2.712851093,39.94,48.86,46.71,45.6,14.18,10.71,8.8,0,0.196113646
../../../saved_checkpoint/cifar100/cifar100_bottomup_3.model,cifar100c,gaussian_noise,3,bottomup,FALSE,FALSE,FALSE,FALSE,,5.744594085,14.9,31.41,27.29,25.07,19.53,14.71,12.01,0,0.372629613
../../../saved_checkpoint/cifar100/cifar100_bottomup_3.model,cifar100c,gaussian_noise,4,bottomup,FALSE,FALSE,FALSE,FALSE,,6.281535827,11.96,30.06,25.57,23.44,20.56,15.43,12.98,0,0.379892737
../../../saved_checkpoint/cifar100/cifar100_bottomup_4.model,cifar100c,gaussian_noise,1,bottomup,FALSE,FALSE,FALSE,FALSE,,2.560127594,43.86,53.33,50.96,49.91,15.43,11.74,9.87,0,0.195577562
../../../saved_checkpoint/cifar100/cifar100_bottomup_3.model,cifar100c,gaussian_noise,5,bottomup,FALSE,FALSE,FALSE,FALSE,,6.705106673,9.74,27.99,23.69,21.72,20.27,15.37,13.04,0,0.384989589
../../../saved_checkpoint/cifar100/cifar100_bottomup_4.model,cifar100c,gaussian_noise,2,bottomup,FALSE,FALSE,FALSE,FALSE,,4.076079088,26.9,40.13,36.83,35.38,17.79,13.19,11.14,0,0.302137941
../../../saved_checkpoint/cifar100/cifar100_bottomup_4.model,cifar100c,gaussian_noise,3,bottomup,FALSE,FALSE,FALSE,FALSE,,5.60873634,16.75,33.09,29.31,27.24,19.8,15.14,12.65,0,0.377021015
../../../saved_checkpoint/cifar100/cifar100_bottomup_4.model,cifar100c,gaussian_noise,4,bottomup,FALSE,FALSE,FALSE,FALSE,,6.271416432,13.2,31.7,26.97,24.96,21.12,15.53,13.22,0,0.399354994
../../../saved_checkpoint/cifar100/cifar100_bottomup_4.model,cifar100c,gaussian_noise,5,bottomup,FALSE,FALSE,FALSE,FALSE,,6.763327829,11.02,29.36,24.72,22.32,20.92,15.72,12.94,0,0.41530475
../../../saved_checkpoint/cifar100/cifar100_bottomup_2.model,cifar100c,frost,2,bottomup,FALSE,FALSE,FALSE,FALSE,,2.048056398,51.49,58.87,57.23,56.23,13.18,10.08,8.34,0,0.156138688
../../../saved_checkpoint/cifar100/cifar100_bottomup_1.model,cifar100c,frost,1,bottomup,FALSE,FALSE,FALSE,FALSE,,1.59146028,59.37,64.16,63.14,62.67,10.61,7.99,6.74,0,0.104332089
../../../saved_checkpoint/cifar100/cifar100_bottomup_2.model,cifar100c,frost,3,bottomup,FALSE,FALSE,FALSE,FALSE,,2.781283958,41.01,49.46,47.54,46.48,13.93,10.29,8.73,0,0.222167775
../../../saved_checkpoint/cifar100/cifar100_bottomup_1.model,cifar100c,frost,2,bottomup,FALSE,FALSE,FALSE,FALSE,,2.086886742,50.34,57,55.27,54.51,12.16,8.79,7.23,0,0.154686123
../../../saved_checkpoint/cifar100/cifar100_bottomup_2.model,cifar100c,frost,5,bottomup,FALSE,FALSE,FALSE,FALSE,,3.765495606,31.18,41.31,38.95,37.54,14.29,10.95,8.98,0,0.318191975
../../../saved_checkpoint/cifar100/cifar100_bottomup_1.model,cifar100c,frost,3,bottomup,FALSE,FALSE,FALSE,FALSE,,2.877513215,39.58,48.35,46.17,45.18,13.29,9.99,8.4,0,0.229954869
../../../saved_checkpoint/cifar100/cifar100_bottomup_1.model,cifar100c,frost,4,bottomup,FALSE,FALSE,FALSE,FALSE,,3.066359737,38.26,47.94,45.77,44.47,14.56,10.95,9.05,0,0.247644618
../../../saved_checkpoint/cifar100/cifar100_bottomup_3.model,cifar100c,snow,1,bottomup,FALSE,FALSE,FALSE,FALSE,,1.500541884,60.99,66.09,64.87,64.13,10.66,7.88,6.36,0,0.100289762
../../../saved_checkpoint/cifar100/cifar100_bottomup_1.model,cifar100c,frost,5,bottomup,FALSE,FALSE,FALSE,FALSE,,3.90872944,30.22,40.23,37.81,36.39,15.09,11.21,9.35,0,0.318174362
../../../saved_checkpoint/cifar100/cifar100_bottomup_3.model,cifar100c,snow,2,bottomup,FALSE,FALSE,FALSE,FALSE,,2.480599502,44.46,52.36,50.44,49.36,14.18,10.82,9,0,0.189663112
../../../saved_checkpoint/cifar100/cifar100_bottomup_4.model,cifar100c,snow,1,bottomup,FALSE,FALSE,FALSE,FALSE,,1.517476448,60.37,65.87,64.33,63.86,10.92,7.94,6.79,0,0.110441893
../../../saved_checkpoint/cifar100/cifar100_bottomup_3.model,cifar100c,snow,3,bottomup,FALSE,FALSE,FALSE,FALSE,,2.135571591,50.03,56.95,55.13,54.18,12.94,9.48,7.65,0,0.148525164
../../../saved_checkpoint/cifar100/cifar100_bottomup_4.model,cifar100c,snow,2,bottomup,FALSE,FALSE,FALSE,FALSE,,2.405487012,46.01,53.92,51.95,50.8,13.57,10.12,8.21,0,0.187787652
../../../saved_checkpoint/cifar100/cifar100_bottomup_3.model,cifar100c,snow,4,bottomup,FALSE,FALSE,FALSE,FALSE,,2.303725634,47.09,55.32,53.21,52.04,13.95,10.4,8.59,0,0.165848836
../../../saved_checkpoint/cifar100/cifar100_bottomup_4.model,cifar100c,snow,3,bottomup,FALSE,FALSE,FALSE,FALSE,,2.153610085,49.57,57.95,56.13,55.23,13.92,10.8,9.28,0,0.158936664
../../../saved_checkpoint/cifar100/cifar100_bottomup_3.model,cifar100c,snow,5,bottomup,FALSE,FALSE,FALSE,FALSE,,2.808692835,39.35,49.04,46.89,45.68,15.05,11.7,9.79,0,0.20594871
../../../saved_checkpoint/cifar100/cifar100_bottomup_4.model,cifar100c,snow,4,bottomup,FALSE,FALSE,FALSE,FALSE,,2.329067442,46.81,54.48,52.55,51.6,13.19,10.14,8.51,0,0.169267431
../../../saved_checkpoint/cifar100/cifar100_bottomup_4.model,cifar100c,snow,5,bottomup,FALSE,FALSE,FALSE,FALSE,,2.758796438,40.65,49.47,47.33,46.19,14.22,10.62,8.94,0,0.201847628
../../../saved_checkpoint/cifar100/cifar100_bottomup_3.model,cifar100c,frost,1,bottomup,FALSE,FALSE,FALSE,FALSE,,1.540210643,60.7,65.56,64.5,63.82,10,7.52,6.36,0,0.10291601
../../../saved_checkpoint/cifar100/cifar100_bottomup_4.model,cifar100c,frost,1,bottomup,FALSE,FALSE,FALSE,FALSE,,1.552255071,60.39,65.42,64.16,63.51,10.69,7.75,6.4,0,0.11255756
../../../saved_checkpoint/cifar100/cifar100_bottomup_3.model,cifar100c,frost,2,bottomup,FALSE,FALSE,FALSE,FALSE,,1.992312805,51.92,58.63,57.04,56.15,11.93,8.74,7.09,0,0.14386858
../../../saved_checkpoint/cifar100/cifar100_bottomup_4.model,cifar100c,frost,2,bottomup,FALSE,FALSE,FALSE,FALSE,,2.002619937,52.1,59.2,57.54,56.85,12.98,9.66,8.19,0,0.152871311
../../../saved_checkpoint/cifar100/cifar100_bottomup_3.model,cifar100c,frost,3,bottomup,FALSE,FALSE,FALSE,FALSE,,2.726061615,41.01,49.6,47.47,46.3,14.47,10.94,9.13,0,0.211086303
../../../saved_checkpoint/cifar100/cifar100_bottomup_4.model,cifar100c,frost,3,bottomup,FALSE,FALSE,FALSE,FALSE,,2.709810853,41.59,50.38,48.42,47.36,14.41,10.73,9.11,0,0.220460296
../../../saved_checkpoint/cifar100/cifar100_bottomup_3.model,cifar100c,frost,4,bottomup,FALSE,FALSE,FALSE,FALSE,,2.878918876,39.76,48.53,46.31,45.27,14.19,10.63,8.81,0,0.226806164
../../../saved_checkpoint/cifar100/cifar100_bottomup_4.model,cifar100c,frost,4,bottomup,FALSE,FALSE,FALSE,FALSE,,2.88556816,40.11,48.57,46.57,45.47,13.92,10.28,8.64,0,0.237859964
../../../saved_checkpoint/cifar100/cifar100_bottomup_3.model,cifar100c,frost,5,bottomup,FALSE,FALSE,FALSE,FALSE,,3.666365372,31.09,41.31,38.64,37.37,15.14,11.27,9.36,0,0.300516069
../../../saved_checkpoint/cifar100/cifar100_bottomup_4.model,cifar100c,frost,5,bottomup,FALSE,FALSE,FALSE,FALSE,,3.689111057,31.51,41.09,38.85,37.49,14.32,10.76,8.74,0,0.311818272
../../../saved_checkpoint/cifar100/cifar100_random_1.model,cifar100c,gaussian_noise,1,random,FALSE,FALSE,FALSE,FALSE,,2.805476005,42.02,51.12,48.77,47.82,15.64,11.73,9.9,0,0.223006129
../../../saved_checkpoint/cifar100/cifar100_random_1.model,cifar100c,gaussian_noise,2,random,FALSE,FALSE,FALSE,FALSE,,4.393252702,25.32,38.35,35.34,33.68,17.77,13.46,11.24,0,0.334520072
../../../saved_checkpoint/cifar100/cifar100_random_1.model,cifar100c,gaussian_noise,3,random,FALSE,FALSE,FALSE,FALSE,,5.686114133,15.64,30.89,27.35,25.38,18.65,14.23,11.74,0,0.385804445
../../../saved_checkpoint/cifar100/cifar100_random_1.model,cifar100c,gaussian_noise,4,random,FALSE,FALSE,FALSE,FALSE,,6.213052281,12.38,28.48,24.6,22.62,18.86,14.3,12.06,0,0.397124618
../../../saved_checkpoint/cifar100/cifar100_random_1.model,cifar100c,gaussian_noise,5,random,FALSE,FALSE,FALSE,FALSE,,6.613158514,10.43,28.74,24.15,22.07,20.47,15.32,13,0,0.395618111
../../../saved_checkpoint/cifar100/cifar100_random_1.model,cifar100c,snow,1,random,FALSE,FALSE,FALSE,FALSE,,1.535877333,60.89,65.79,64.42,63.82,10.6,7.79,6.51,0,0.10905242
../../../saved_checkpoint/cifar100/cifar100_random_1.model,cifar100c,snow,2,random,FALSE,FALSE,FALSE,FALSE,,2.529020887,44.52,52.95,50.85,49.7,13.37,10.01,8.2,0,0.214361548
../../../saved_checkpoint/cifar100/cifar100_random_1.model,cifar100c,snow,3,random,FALSE,FALSE,FALSE,FALSE,,2.219125804,48.73,56.51,54.8,53.84,13.26,9.99,8.37,0,0.173828438
../../../saved_checkpoint/cifar100/cifar100_random_1.model,cifar100c,snow,4,random,FALSE,FALSE,FALSE,FALSE,,2.348427081,46.72,54.48,52.72,51.95,13.22,9.96,8.47,0,0.176591888
../../../saved_checkpoint/cifar100/cifar100_random_1.model,cifar100c,snow,5,random,FALSE,FALSE,FALSE,FALSE,,2.71360781,41,50.37,47.95,46.81,14.45,10.61,8.79,0,0.204796374
../../../saved_checkpoint/cifar100/cifar100_random_1.model,cifar100c,frost,1,random,FALSE,FALSE,FALSE,FALSE,,1.555059115,60.26,65.7,64.47,63.78,10.94,8.27,6.94,0,0.118503988
../../../saved_checkpoint/cifar100/cifar100_random_1.model,cifar100c,frost,2,random,FALSE,FALSE,FALSE,FALSE,,1.986937971,52.34,59.65,58.01,57.08,13.07,9.91,8.3,0,0.153262198
../../../saved_checkpoint/cifar100/cifar100_random_1.model,cifar100c,frost,3,random,FALSE,FALSE,FALSE,FALSE,,2.665308033,42.51,51.2,48.8,47.9,14.05,10.35,8.77,0,0.213797331
../../../saved_checkpoint/cifar100/cifar100_random_1.model,cifar100c,frost,4,random,FALSE,FALSE,FALSE,FALSE,,2.788430328,41.15,50.05,47.92,46.77,14.32,10.49,8.72,0,0.228168905
../../../saved_checkpoint/cifar100/cifar100_random_1.model,cifar100c,frost,5,random,FALSE,FALSE,FALSE,FALSE,,3.533123288,32.66,42.67,40.21,39.08,14.51,10.87,9.14,0,0.29435882
../../../saved_checkpoint/cifar100/cifar100_random_2.model,cifar100c,gaussian_noise,1,random,FALSE,FALSE,FALSE,FALSE,,2.846110743,39.34,48.65,46.42,45.38,14.71,11.04,9.26,0,0.211807907
../../../saved_checkpoint/cifar100/cifar100_random_2.model,cifar100c,gaussian_noise,2,random,FALSE,FALSE,FALSE,FALSE,,4.33653309,22.9,37.38,33.32,31.63,18.3,13.22,11.01,0,0.305051833
../../../saved_checkpoint/cifar100/cifar100_random_2.model,cifar100c,gaussian_noise,3,random,FALSE,FALSE,FALSE,FALSE,,5.439213447,14.45,32.1,27.59,25.23,20.91,15.52,12.76,0,0.332409918
../../../saved_checkpoint/cifar100/cifar100_random_2.model,cifar100c,gaussian_noise,4,random,FALSE,FALSE,FALSE,FALSE,,5.895146676,11.87,30.87,25.9,23.83,21.76,16.13,13.58,0,0.334696531
../../../saved_checkpoint/cifar100/cifar100_random_2.model,cifar100c,gaussian_noise,5,random,FALSE,FALSE,FALSE,FALSE,,6.224975717,10,30.71,25.66,23.16,23.17,17.42,14.62,0,0.327756971
../../../saved_checkpoint/cifar100/cifar100_random_2.model,cifar100c,snow,1,random,FALSE,FALSE,FALSE,FALSE,,1.495859329,60.8,66.41,65.15,64.45,11.45,8.65,7.29,0,0.099115163
../../../saved_checkpoint/cifar100/cifar100_random_2.model,cifar100c,snow,2,random,FALSE,FALSE,FALSE,FALSE,,2.384791466,45.48,53.45,51.4,50.46,14.33,10.66,8.84,0,0.174484596
../../../saved_checkpoint/cifar100/cifar100_random_2.model,cifar100c,snow,3,random,FALSE,FALSE,FALSE,FALSE,,2.142917522,49.11,56.1,54.21,53.55,12.73,9.22,7.74,0,0.155644387
../../../saved_checkpoint/cifar100/cifar100_random_2.model,cifar100c,snow,4,random,FALSE,FALSE,FALSE,FALSE,,2.26953459,46.44,54.27,52.33,51.47,13.11,9.73,8.23,0,0.163777485
../../../saved_checkpoint/cifar100/cifar100_random_2.model,cifar100c,snow,5,random,FALSE,FALSE,FALSE,FALSE,,2.650665242,39.91,50,47.52,46.21,16.07,11.83,9.8,0,0.187182918
../../../saved_checkpoint/cifar100/cifar100_random_3.model,cifar100c,gaussian_noise,1,random,FALSE,FALSE,FALSE,FALSE,,2.551478236,42.67,51.37,49.06,48.06,14.52,10.63,8.91,0,0.193908215
../../../saved_checkpoint/cifar100/cifar100_random_3.model,cifar100c,gaussian_noise,2,random,FALSE,FALSE,FALSE,FALSE,,4.061563199,25.84,37.26,34.46,33.04,15.5,11.64,9.78,0,0.30084312
../../../saved_checkpoint/cifar100/cifar100_random_2.model,cifar100c,frost,1,random,FALSE,FALSE,FALSE,FALSE,,1.573131081,59.59,65.27,64.13,63.5,11.4,8.46,7.27,0,0.102101058
../../../saved_checkpoint/cifar100/cifar100_random_3.model,cifar100c,gaussian_noise,3,random,FALSE,FALSE,FALSE,FALSE,,5.578966243,15.19,28.66,25.1,23.71,16.37,12.11,10.38,0,0.388004601
../../../saved_checkpoint/cifar100/cifar100_random_2.model,cifar100c,frost,2,random,FALSE,FALSE,FALSE,FALSE,,2.020982964,50.76,58,56.52,55.64,13.26,10.02,8.44,0,0.140286595
../../../saved_checkpoint/cifar100/cifar100_random_3.model,cifar100c,gaussian_noise,4,random,FALSE,FALSE,FALSE,FALSE,,6.238063289,12.15,26.16,22.75,20.92,16.37,12.3,10.17,0,0.410505593
../../../saved_checkpoint/cifar100/cifar100_random_2.model,cifar100c,frost,3,random,FALSE,FALSE,FALSE,FALSE,,2.730404186,39.91,49.3,46.78,45.73,14.81,11.13,9.42,0,0.205485359
../../../saved_checkpoint/cifar100/cifar100_random_3.model,cifar100c,gaussian_noise,5,random,FALSE,FALSE,FALSE,FALSE,,6.75519783,10,25.11,21.22,19.44,17.29,12.74,10.72,0,0.422998369
../../../saved_checkpoint/cifar100/cifar100_random_2.model,cifar100c,frost,4,random,FALSE,FALSE,FALSE,FALSE,,2.882476899,38.42,48.24,45.77,44.47,15.42,11.51,9.53,0,0.219161749
../../../saved_checkpoint/cifar100/cifar100_random_2.model,cifar100c,frost,5,random,FALSE,FALSE,FALSE,FALSE,,3.633669809,30.3,40.96,37.99,37.01,16.22,12.01,10.25,0,0.282243252
../../../saved_checkpoint/cifar100/cifar100_random_4.model,cifar100c,gaussian_noise,1,random,FALSE,FALSE,FALSE,FALSE,,2.891002253,39.98,49.37,46.94,45.75,14.95,10.98,9.13,0,0.219339326
../../../saved_checkpoint/cifar100/cifar100_random_4.model,cifar100c,gaussian_noise,2,random,FALSE,FALSE,FALSE,FALSE,,4.507306396,24.09,36.33,33.23,31.77,15.92,11.92,10,0,0.321909785
../../../saved_checkpoint/cifar100/cifar100_random_4.model,cifar100c,gaussian_noise,3,random,FALSE,FALSE,FALSE,FALSE,,5.773445747,14.84,28.35,24.61,23.06,16.39,11.95,10.08,0,0.389668554
../../../saved_checkpoint/cifar100/cifar100_random_3.model,cifar100c,snow,1,random,FALSE,FALSE,FALSE,FALSE,,1.49574724,61.09,66.21,64.74,64.22,10.28,7.45,6.25,0,0.095029391
../../../saved_checkpoint/cifar100/cifar100_random_4.model,cifar100c,gaussian_noise,4,random,FALSE,FALSE,FALSE,FALSE,,6.249970916,12.19,26.32,23.04,21.2,16.43,12.47,10.33,0,0.411596358
../../../saved_checkpoint/cifar100/cifar100_random_3.model,cifar100c,snow,2,random,FALSE,FALSE,FALSE,FALSE,,2.476343922,44.74,52.57,50.66,49.68,13.39,10.18,8.3,0,0.184040844
../../../saved_checkpoint/cifar100/cifar100_random_5.model,cifar100c,gaussian_noise,1,random,FALSE,FALSE,FALSE,FALSE,,2.558771316,43.41,51.63,49.58,48.8,14.18,10.45,8.91,0,0.19549115
../../../saved_checkpoint/cifar100/cifar100_random_4.model,cifar100c,gaussian_noise,5,random,FALSE,FALSE,FALSE,FALSE,,6.560867307,10.11,24.22,20.65,19.19,16.61,12.52,10.64,0,0.424898088
../../../saved_checkpoint/cifar100/cifar100_random_3.model,cifar100c,snow,3,random,FALSE,FALSE,FALSE,FALSE,,2.212379825,48.49,55.91,54.11,53.33,12.64,9.54,7.88,0,0.159908995
../../../saved_checkpoint/cifar100/cifar100_random_5.model,cifar100c,gaussian_noise,2,random,FALSE,FALSE,FALSE,FALSE,,4.071760673,27.38,40.03,36.92,35.34,16.83,12.7,10.58,0,0.298340976
../../../saved_checkpoint/cifar100/cifar100_random_3.model,cifar100c,snow,4,random,FALSE,FALSE,FALSE,FALSE,,2.383458686,45.82,54.19,52.08,51.05,13.77,10.28,8.47,0,0.164584443
../../../saved_checkpoint/cifar100/cifar100_random_5.model,cifar100c,gaussian_noise,3,random,FALSE,FALSE,FALSE,FALSE,,5.35879643,17.13,31.38,27.9,26.33,17.61,13.01,11.06,0,0.362725556
../../../saved_checkpoint/cifar100/cifar100_random_3.model,cifar100c,snow,5,random,FALSE,FALSE,FALSE,FALSE,,2.773851936,39.21,48.28,45.78,44.49,14.03,10.47,8.58,0,0.190761223
../../../saved_checkpoint/cifar100/cifar100_random_5.model,cifar100c,gaussian_noise,4,random,FALSE,FALSE,FALSE,FALSE,,5.85786878,14.2,29.32,25.42,23.6,18.06,13.28,11.08,0,0.372048289
../../../saved_checkpoint/cifar100/cifar100_random_5.model,cifar100c,gaussian_noise,5,random,FALSE,FALSE,FALSE,FALSE,,6.248098462,11.37,28.32,24.25,22.09,19.15,14.46,12.04,0,0.379592359
../../../saved_checkpoint/cifar100/cifar100_random_4.model,cifar100c,snow,1,random,FALSE,FALSE,FALSE,FALSE,,1.517386829,61.03,66.15,64.89,64.28,10.54,7.8,6.65,0,0.107209899
../../../saved_checkpoint/cifar100/cifar100_random_4.model,cifar100c,snow,2,random,FALSE,FALSE,FALSE,FALSE,,2.393724967,45.97,53.54,51.83,51.06,12.85,10.04,8.49,0,0.184746116
../../../saved_checkpoint/cifar100/cifar100_random_4.model,cifar100c,snow,3,random,FALSE,FALSE,FALSE,FALSE,,2.090361844,50.16,57.45,55.66,54.92,13.17,9.94,8.52,0,0.153374627
../../../saved_checkpoint/cifar100/cifar100_random_3.model,cifar100c,frost,1,random,FALSE,FALSE,FALSE,FALSE,,1.586731909,59.68,64.7,63.62,63.18,10.02,7.32,6.34,0,0.10792689
../../../saved_checkpoint/cifar100/cifar100_random_4.model,cifar100c,snow,4,random,FALSE,FALSE,FALSE,FALSE,,2.244913197,47.73,55.47,53.52,52.67,13.82,10.27,8.68,0,0.159694925
../../../saved_checkpoint/cifar100/cifar100_random_3.model,cifar100c,frost,2,random,FALSE,FALSE,FALSE,FALSE,,2.090104925,50.5,57.33,55.61,54.62,11.23,8.51,6.92,0,0.148484007
../../../saved_checkpoint/cifar100/cifar100_random_4.model,cifar100c,snow,5,random,FALSE,FALSE,FALSE,FALSE,,2.685142436,40.52,49.34,47.19,46.07,14.1,10.57,8.77,0,0.198166654
../../../saved_checkpoint/cifar100/cifar100_random_3.model,cifar100c,frost,3,random,FALSE,FALSE,FALSE,FALSE,,2.841565058,39.27,47.47,45.39,44.47,13.88,10.44,8.6,0,0.217958078
../../../saved_checkpoint/cifar100/cifar100_random_5.model,cifar100c,snow,1,random,FALSE,FALSE,FALSE,FALSE,,1.479290889,61.35,66.46,64.95,64.12,10.47,7.54,6.15,0,0.099376544
../../../saved_checkpoint/cifar100/cifar100_random_3.model,cifar100c,frost,4,random,FALSE,FALSE,FALSE,FALSE,,2.97653989,38.16,46.68,44.49,43.43,13.62,10.13,8.61,0,0.228770256
../../../saved_checkpoint/cifar100/cifar100_random_5.model,cifar100c,snow,2,random,FALSE,FALSE,FALSE,FALSE,,2.395288356,45.87,54.09,52.07,51.22,13.6,10.08,8.53,0,0.18260996
../../../saved_checkpoint/cifar100/cifar100_random_3.model,cifar100c,frost,5,random,FALSE,FALSE,FALSE,FALSE,,3.79457907,29.71,38.7,36.54,35.64,13.73,10.23,8.73,0,0.306141376
../../../saved_checkpoint/cifar100/cifar100_random_5.model,cifar100c,snow,3,random,FALSE,FALSE,FALSE,FALSE,,2.074275261,50.43,58.27,56.34,55.28,13.06,9.57,7.91,0,0.143604189
../../../saved_checkpoint/cifar100/cifar100_random_5.model,cifar100c,snow,4,random,FALSE,FALSE,FALSE,FALSE,,2.202522196,48.03,55.48,53.93,52.95,13.35,10.12,8.46,0,0.154048488
../../../saved_checkpoint/cifar100/cifar100_random_5.model,cifar100c,snow,5,random,FALSE,FALSE,FALSE,FALSE,,2.621188671,42.12,51.01,48.67,47.61,14.13,10.53,8.87,0,0.183923602
../../../saved_checkpoint/cifar100/cifar100_Contextual_1.model,cifar100c,gaussian_noise,1,none,FALSE,FALSE,FALSE,FALSE,,3.523968755,42.54,68.19,63.62,61.3,47.53,37.8,32.68,-314.7768974,0.27063632
../../../saved_checkpoint/cifar100/cifar100_random_4.model,cifar100c,frost,1,random,FALSE,FALSE,FALSE,FALSE,,1.595318043,60.1,65.4,64.22,63.42,10.52,7.86,6.48,0,0.112095788
../../../saved_checkpoint/cifar100/cifar100_Contextual_1.model,cifar100c,gaussian_noise,2,none,FALSE,FALSE,FALSE,FALSE,,4.756650549,29.06,63.6,56.94,53.36,54.7,43.44,37.46,-446.8523026,0.365013927
../../../saved_checkpoint/cifar100/cifar100_random_4.model,cifar100c,frost,2,random,FALSE,FALSE,FALSE,FALSE,,2.033702149,51.12,57.7,55.96,54.97,12.26,9.02,7.53,0,0.14981693
../../../saved_checkpoint/cifar100/cifar100_Contextual_1.model,cifar100c,gaussian_noise,3,none,FALSE,FALSE,FALSE,FALSE,,6.049838997,20.41,61.16,53.09,48.76,57.93,46.02,39.61,-572.9631424,0.438274473
../../../saved_checkpoint/cifar100/cifar100_random_4.model,cifar100c,frost,3,random,FALSE,FALSE,FALSE,FALSE,,2.735751834,40.84,48.75,46.98,46,14.09,10.72,8.8,0,0.203880861
../../../saved_checkpoint/cifar100/cifar100_Contextual_1.model,cifar100c,gaussian_noise,4,none,FALSE,FALSE,FALSE,FALSE,,6.695942382,16.69,60.87,51.94,47.18,58.62,46.49,39.95,-630.1846981,0.477091193
../../../saved_checkpoint/cifar100/cifar100_random_4.model,cifar100c,frost,4,random,FALSE,FALSE,FALSE,FALSE,,2.883910025,39.46,48.26,46.02,44.83,13.54,10.2,8.41,0,0.220073551
../../../saved_checkpoint/cifar100/cifar100_Contextual_1.model,cifar100c,gaussian_noise,5,none,FALSE,FALSE,FALSE,FALSE,,7.275849421,14.36,59.65,50.4,45.44,58.23,46.34,39.64,-677.7116299,0.501158297
../../../saved_checkpoint/cifar100/cifar100_random_4.model,cifar100c,frost,5,random,FALSE,FALSE,FALSE,FALSE,,3.626020572,30.67,40.92,38.34,37.04,14.37,10.77,8.91,0,0.285517901
../../../saved_checkpoint/cifar100/cifar100_random_5.model,cifar100c,frost,1,random,FALSE,FALSE,FALSE,FALSE,,1.500932345,60.94,65.9,64.89,64.23,10.54,8.11,6.73,0,0.104982242
../../../saved_checkpoint/cifar100/cifar100_random_5.model,cifar100c,frost,2,random,FALSE,FALSE,FALSE,FALSE,,1.911725415,53.31,59.74,58.22,57.49,12.35,9.21,7.76,0,0.137826785
../../../saved_checkpoint/cifar100/cifar100_random_5.model,cifar100c,frost,3,random,FALSE,FALSE,FALSE,FALSE,,2.58881787,42.96,52.06,49.91,48.94,14.16,10.51,8.94,0,0.201517403
../../../saved_checkpoint/cifar100/cifar100_random_5.model,cifar100c,frost,4,random,FALSE,FALSE,FALSE,FALSE,,2.73653804,41.63,50.02,48.13,47.15,13.55,10.34,8.6,0,0.216691375
../../../saved_checkpoint/cifar100/cifar100_random_5.model,cifar100c,frost,5,random,FALSE,FALSE,FALSE,FALSE,,3.487953322,33.07,42.84,40.26,39.04,14.73,10.85,8.95,0,0.283843398
../../../saved_checkpoint/cifar100/cifar100_Contextual_1.model,cifar100c,snow,1,none,FALSE,FALSE,FALSE,FALSE,,2.280650413,60.6,72.97,70.79,69.79,37.51,29.01,24.75,-211.5638494,0.171279788
../../../saved_checkpoint/cifar100/cifar100_Contextual_1.model,cifar100c,snow,2,none,FALSE,FALSE,FALSE,FALSE,,3.371483476,44.29,67.65,64.08,61.75,47.8,38.31,33.38,-314.1236544,0.264909387
../../../saved_checkpoint/cifar100/cifar100_Contextual_1.model,cifar100c,snow,3,none,FALSE,FALSE,FALSE,FALSE,,3.042951517,48.37,69.33,65.98,63.74,46.56,37.55,32.21,-286.0680342,0.232854575
../../../saved_checkpoint/cifar100/cifar100_Contextual_1.model,cifar100c,snow,4,none,FALSE,FALSE,FALSE,FALSE,,3.280465902,44.95,68.08,64.24,62,48.15,38.19,32.79,-305.0992727,0.250634849
../../../saved_checkpoint/cifar100/cifar100_Contextual_1.model,cifar100c,snow,5,none,FALSE,FALSE,FALSE,FALSE,,3.960824531,35.89,66.42,61.38,58.68,52.95,42.57,36.95,-364.7289515,0.30629307
../../../saved_checkpoint/cifar100/cifar100_Contextual_1.model,cifar100c,frost,1,none,FALSE,FALSE,FALSE,FALSE,,2.566283901,55.94,73.41,70.89,68.84,38.43,30.15,25.86,-221.7962503,0.200098515
../../../saved_checkpoint/cifar100/cifar100_Contextual_1.model,cifar100c,frost,2,none,FALSE,FALSE,FALSE,FALSE,,3.115898979,46.93,69.81,66.38,64.13,45.52,36.29,31.1,-277.951622,0.240297973
../../../saved_checkpoint/cifar100/cifar100_Contextual_1.model,cifar100c,frost,3,none,FALSE,FALSE,FALSE,FALSE,,3.974564156,36.51,65.81,60.77,57.54,51.32,40.36,34.93,-351.5104771,0.295966089
../../../saved_checkpoint/cifar100/cifar100_Contextual_1.model,cifar100c,frost,4,none,FALSE,FALSE,FALSE,FALSE,,4.158309241,34.64,66.49,61.32,57.86,51.49,41.16,35.3,-360.2927208,0.319224417
../../../saved_checkpoint/cifar100/cifar100_Contextual_1.model,cifar100c,frost,5,none,FALSE,FALSE,FALSE,FALSE,,5.052478547,26.69,64.46,57.97,54.42,54.35,43.76,37.83,-432.8858852,0.373566508
../../../saved_checkpoint/cifar100/cifar100_Contextual_3.model,cifar100c,gaussian_noise,1,none,FALSE,FALSE,FALSE,FALSE,,3.613571898,41.8,65.61,61.16,58.78,48.25,38,32.64,-347.2224236,0.303405285
../../../saved_checkpoint/cifar100/cifar100_Contextual_3.model,cifar100c,gaussian_noise,2,none,FALSE,FALSE,FALSE,FALSE,,5.305415576,27.28,61.29,54.68,50.91,54.61,43.72,37.59,-524.3673325,0.401225626
../../../saved_checkpoint/cifar100/cifar100_Contextual_3.model,cifar100c,gaussian_noise,3,none,FALSE,FALSE,FALSE,FALSE,,7.080448039,17.88,56.51,47.99,43.47,54.97,43.11,36.61,-680.0531387,0.484049976
../../../saved_checkpoint/cifar100/cifar100_Contextual_3.model,cifar100c,gaussian_noise,4,none,FALSE,FALSE,FALSE,FALSE,,7.869622999,14.56,55.25,46.39,41.99,54.53,42.67,36.89,-744.6101189,0.511065304
../../../saved_checkpoint/cifar100/cifar100_Contextual_3.model,cifar100c,gaussian_noise,5,none,FALSE,FALSE,FALSE,FALSE,,8.535752976,11.8,55.41,45.54,40.9,54.65,42.38,36.42,-797.1989155,0.535155416
../../../saved_checkpoint/cifar100/cifar100_Contextual_3.model,cifar100c,snow,1,none,FALSE,FALSE,FALSE,FALSE,,2.229027084,61.24,72.55,71.35,70.17,37.59,29.19,24.67,-214.9741411,0.182025313
../../../saved_checkpoint/cifar100/cifar100_Contextual_3.model,cifar100c,snow,2,none,FALSE,FALSE,FALSE,FALSE,,3.292999668,46.22,66.23,63.12,61.01,48.69,38.54,33.05,-322.0527649,0.265830308
../../../saved_checkpoint/cifar100/cifar100_Contextual_3.model,cifar100c,snow,3,none,FALSE,FALSE,FALSE,FALSE,,2.940687939,50.59,68.86,66.04,64.12,46.09,36.37,31.19,-289.9772644,0.233409926
../../../saved_checkpoint/cifar100/cifar100_Contextual_3.model,cifar100c,snow,4,none,FALSE,FALSE,FALSE,FALSE,,3.191473824,46.6,68.5,65.18,62.75,48.74,39.06,33.51,-307.8897953,0.256095111
../../../saved_checkpoint/cifar100/cifar100_Contextual_3.model,cifar100c,snow,5,none,FALSE,FALSE,FALSE,FALSE,,3.82730247,38.92,66.13,61.51,58.58,54.07,43.59,37.58,-366.5364742,0.298544019
../../../saved_checkpoint/cifar100/cifar100_Contextual_3.model,cifar100c,frost,1,none,FALSE,FALSE,FALSE,FALSE,,2.507174562,57.14,73.01,71.05,69.34,38.49,30.67,26.02,-219.7415113,0.206613407
../../../saved_checkpoint/cifar100/cifar100_Contextual_3.model,cifar100c,frost,2,none,FALSE,FALSE,FALSE,FALSE,,3.068722702,48.82,68.87,65.99,64.23,45.37,36.11,31.09,-279.145813,0.248227805
../../../saved_checkpoint/cifar100/cifar100_Contextual_3.model,cifar100c,frost,3,none,FALSE,FALSE,FALSE,FALSE,,4.022369219,36.53,66.59,61.53,58.32,51.84,41.3,35.21,-361.5752935,0.325412512
../../../saved_checkpoint/cifar100/cifar100_Contextual_3.model,cifar100c,frost,4,none,FALSE,FALSE,FALSE,FALSE,,4.20547243,35.1,65.68,60.57,57.5,51.22,40.79,35.2,-373.0389595,0.338158548
../../../saved_checkpoint/cifar100/cifar100_Contextual_3.model,cifar100c,frost,5,none,FALSE,FALSE,FALSE,FALSE,,5.17047891,26.82,63.71,57.12,52.67,53.99,43.22,36.83,-453.3783913,0.403753102
../../../saved_checkpoint/cifar100/cifar100_Contextual_4.model,cifar100c,gaussian_noise,1,none,FALSE,FALSE,FALSE,FALSE,,3.452265444,43.59,67.27,63.77,61.39,47.96,38.84,33.58,-324.6522427,0.277933538
../../../saved_checkpoint/cifar100/cifar100_Contextual_4.model,cifar100c,gaussian_noise,2,none,FALSE,FALSE,FALSE,FALSE,,4.621762597,30.99,62.3,56.69,53.49,54.13,42.94,37.16,-461.1707211,0.361560702
../../../saved_checkpoint/cifar100/cifar100_Contextual_4.model,cifar100c,gaussian_noise,3,none,FALSE,FALSE,FALSE,FALSE,,5.979257916,21.47,58.43,50.94,47.19,55.48,44.25,38.32,-598.210001,0.441859841
../../../saved_checkpoint/cifar100/cifar100_Contextual_4.model,cifar100c,gaussian_noise,4,none,FALSE,FALSE,FALSE,FALSE,,6.634194292,17.65,57.05,49.44,44.84,55.22,44.09,37.95,-659.6806526,0.478283763
../../../saved_checkpoint/cifar100/cifar100_Contextual_4.model,cifar100c,gaussian_noise,5,none,FALSE,FALSE,FALSE,FALSE,,7.223075663,15.23,55.23,47.08,42.36,55,43.75,37.39,-713.9644623,0.502938688
../../../saved_checkpoint/cifar100/cifar100_Contextual_4.model,cifar100c,snow,1,none,FALSE,FALSE,FALSE,FALSE,,2.282601175,59.42,71.91,70.33,69.32,38.73,30.25,25.88,-218.6868668,0.183945432
../../../saved_checkpoint/cifar100/cifar100_Contextual_4.model,cifar100c,snow,2,none,FALSE,FALSE,FALSE,FALSE,,3.483499984,43.37,68.45,64.55,62.1,48.84,38.72,33.37,-321.7824459,0.281446874
../../../saved_checkpoint/cifar100/cifar100_Contextual_4.model,cifar100c,snow,3,none,FALSE,FALSE,FALSE,FALSE,,3.061641327,47.47,68.69,65.4,63.64,47.26,37.81,32.47,-293.8819647,0.243273497
../../../saved_checkpoint/cifar100/cifar100_Contextual_4.model,cifar100c,snow,4,none,FALSE,FALSE,FALSE,FALSE,,3.33303684,43.32,68.15,64.83,62.29,48.47,39.13,33.61,-313.2582903,0.26845932
../../../saved_checkpoint/cifar100/cifar100_Contextual_4.model,cifar100c,snow,5,none,FALSE,FALSE,FALSE,FALSE,,4.084275582,35.17,66.74,61.39,58.21,54.23,43.22,37.08,-372.2206831,0.325609803
../../../saved_checkpoint/cifar100/cifar100_Contextual_4.model,cifar100c,frost,1,none,FALSE,FALSE,FALSE,FALSE,,2.567236368,55.17,72.65,69.85,68.19,39.06,30.36,26.04,-226.4304161,0.211448669
../../../saved_checkpoint/cifar100/cifar100_Contextual_4.model,cifar100c,frost,2,none,FALSE,FALSE,FALSE,FALSE,,3.117042975,46.51,69.68,66.32,63.84,46.41,37.17,31.85,-282.4163675,0.251715779
../../../saved_checkpoint/cifar100/cifar100_Contextual_4.model,cifar100c,frost,3,none,FALSE,FALSE,FALSE,FALSE,,3.980753349,35.96,67.37,62.2,59.27,52.79,41.98,36.25,-356.0030222,0.320349872
../../../saved_checkpoint/cifar100/cifar100_Contextual_4.model,cifar100c,frost,4,none,FALSE,FALSE,FALSE,FALSE,,4.155320013,34.22,67.94,62.26,58.63,52.4,41.72,35.81,-366.7309046,0.337600946
../../../saved_checkpoint/cifar100/cifar100_Contextual_4.model,cifar100c,frost,5,none,FALSE,FALSE,FALSE,FALSE,,5.074454889,26.33,65.19,58.29,53.82,55.04,44.26,37.89,-441.1428452,0.398589015
../../../saved_checkpoint/cifar100/cifar100_Concrete_1.model,cifar100c,gaussian_noise,1,none,FALSE,FALSE,FALSE,FALSE,,3.665311279,41.45,67.3,63.16,60.22,48.57,38.71,32.85,-271.7856884,0.281062096
../../../saved_checkpoint/cifar100/cifar100_Concrete_1.model,cifar100c,gaussian_noise,2,none,FALSE,FALSE,FALSE,FALSE,,5.211491671,26.61,64.89,57.46,53.6,55.72,44.77,38.53,-386.6985798,0.381675959
../../../saved_checkpoint/cifar100/cifar100_Concrete_1.model,cifar100c,gaussian_noise,3,none,FALSE,FALSE,FALSE,FALSE,,6.779890955,17.18,63.95,54.85,49.72,60.03,48.07,41.52,-492.1713829,0.455026746
../../../saved_checkpoint/cifar100/cifar100_Concrete_1.model,cifar100c,gaussian_noise,4,none,FALSE,FALSE,FALSE,FALSE,,7.488589624,13.62,61.98,52.67,47.06,59.72,48.01,41.2,-541.2620068,0.490343064
../../../saved_checkpoint/cifar100/cifar100_Concrete_1.model,cifar100c,gaussian_noise,5,none,FALSE,FALSE,FALSE,FALSE,,8.161247248,11.39,60.76,51.69,46.55,58.79,47.34,41.04,-584.919405,0.514298916
../../../saved_checkpoint/cifar100/cifar100_Concrete_1.model,cifar100c,snow,1,none,FALSE,FALSE,FALSE,FALSE,,2.336984213,61.21,72.45,71.01,69.75,36.98,29,24.7,-177.7150154,0.175136924
../../../saved_checkpoint/cifar100/cifar100_Concrete_1.model,cifar100c,snow,2,none,FALSE,FALSE,FALSE,FALSE,,3.54256816,43.73,67.38,63.66,61.32,48.51,38.49,33.21,-275.137496,0.281949848
../../../saved_checkpoint/cifar100/cifar100_Concrete_1.model,cifar100c,snow,3,none,FALSE,FALSE,FALSE,FALSE,,3.116652044,48.8,69.53,66.43,63.97,46.67,37.09,31.99,-243.9780474,0.244150683
../../../saved_checkpoint/cifar100/cifar100_Concrete_1.model,cifar100c,snow,4,none,FALSE,FALSE,FALSE,FALSE,,3.433685981,44.91,67.98,64.39,62.02,48.45,38.78,33.19,-266.8698072,0.264291167
../../../saved_checkpoint/cifar100/cifar100_Concrete_1.model,cifar100c,snow,5,none,FALSE,FALSE,FALSE,FALSE,,4.158830213,36.78,66.23,61.06,58.01,54.19,43.4,37.41,-323.9712715,0.323614776
../../../saved_checkpoint/cifar100/cifar100_Concrete_1.model,cifar100c,frost,1,none,FALSE,FALSE,FALSE,FALSE,,2.65917427,56.15,71.81,69.73,67.86,39.74,31.12,26.35,-193.1636095,0.201751947
../../../saved_checkpoint/cifar100/cifar100_Concrete_1.model,cifar100c,frost,2,none,FALSE,FALSE,FALSE,FALSE,,3.292301642,46.63,68.74,65.36,63.24,45.69,36.03,30.91,-249.6865988,0.256937772
../../../saved_checkpoint/cifar100/cifar100_Concrete_1.model,cifar100c,frost,3,none,FALSE,FALSE,FALSE,FALSE,,4.260652332,35.44,65.52,60.59,57.59,52.48,42.23,36.59,-320.6735134,0.330535471
../../../saved_checkpoint/cifar100/cifar100_Concrete_1.model,cifar100c,frost,4,none,FALSE,FALSE,FALSE,FALSE,,4.435316662,33.98,65.55,59.81,56.44,52.11,41.47,35.5,-329.7888756,0.342061698
../../../saved_checkpoint/cifar100/cifar100_Concrete_1.model,cifar100c,frost,5,none,FALSE,FALSE,FALSE,FALSE,,5.45528456,25.73,64.06,56.35,52.44,54.89,43.44,37.45,-399.0869045,0.41109556
../../../saved_checkpoint/cifar100/cifar100_Concrete_2.model,cifar100c,gaussian_noise,1,none,FALSE,FALSE,FALSE,FALSE,,3.773795596,42.11,67.3,63.03,60.24,46.13,36.4,30.91,-266.1685944,0.294803798
../../../saved_checkpoint/cifar100/cifar100_Concrete_2.model,cifar100c,gaussian_noise,2,none,FALSE,FALSE,FALSE,FALSE,,5.360333486,27.7,63.62,57.21,52.93,53.68,43.31,37.35,-375.333333,0.400823444
../../../saved_checkpoint/cifar100/cifar100_Concrete_2.model,cifar100c,gaussian_noise,3,none,FALSE,FALSE,FALSE,FALSE,,7.013645933,18.15,61.16,52.93,47.86,55.99,44.72,38.29,-480.6267262,0.499513149
../../../saved_checkpoint/cifar100/cifar100_Concrete_2.model,cifar100c,gaussian_noise,4,none,FALSE,FALSE,FALSE,FALSE,,7.807236186,14.64,60.39,50.76,45.6,56.81,44.68,38.1,-528.3022881,0.546208262
../../../saved_checkpoint/cifar100/cifar100_Concrete_2.model,cifar100c,gaussian_noise,5,none,FALSE,FALSE,FALSE,FALSE,,8.511320123,12.35,60.2,50.33,45.16,57.37,45.44,39.15,-571.6694355,0.575999737
../../../saved_checkpoint/cifar100/cifar100_Concrete_2.model,cifar100c,snow,1,none,FALSE,FALSE,FALSE,FALSE,,2.359183159,61.61,71.94,70.84,69.72,36.39,28.37,24.01,-176.3913035,0.170308039
../../../saved_checkpoint/cifar100/cifar100_Concrete_2.model,cifar100c,snow,2,none,FALSE,FALSE,FALSE,FALSE,,3.548063197,44.1,68,64.29,61.96,48.04,38.31,33.24,-268.2727814,0.282822907
../../../saved_checkpoint/cifar100/cifar100_Concrete_2.model,cifar100c,snow,3,none,FALSE,FALSE,FALSE,FALSE,,3.180768883,49.34,69.64,66.74,64.83,44.48,35.32,30.49,-240.8029556,0.245993391
../../../saved_checkpoint/cifar100/cifar100_Concrete_2.model,cifar100c,snow,4,none,FALSE,FALSE,FALSE,FALSE,,3.427520646,45.6,67.97,65.2,63.19,46.27,37.08,32.21,-257.29146,0.268065602
../../../saved_checkpoint/cifar100/cifar100_Concrete_2.model,cifar100c,snow,5,none,FALSE,FALSE,FALSE,FALSE,,4.026733363,38.48,66.41,61.34,58.38,51.33,40.58,35.08,-306.4260006,0.314846247
../../../saved_checkpoint/cifar100/cifar100_Concrete_2.model,cifar100c,frost,1,none,FALSE,FALSE,FALSE,FALSE,,2.5900346,57.91,72.03,70.47,69.13,37.2,29.56,25.42,-185.6029987,0.199810117
../../../saved_checkpoint/cifar100/cifar100_Concrete_2.model,cifar100c,frost,2,none,FALSE,FALSE,FALSE,FALSE,,3.15824432,49.17,68.35,64.95,63.39,43.46,33.7,29.02,-236.8465662,0.247096509
../../../saved_checkpoint/cifar100/cifar100_Concrete_2.model,cifar100c,frost,3,none,FALSE,FALSE,FALSE,FALSE,,4.09934786,38.09,65.06,60.68,58.01,49.35,39.41,33.92,-305.3248882,0.328159869
../../../saved_checkpoint/cifar100/cifar100_Concrete_2.model,cifar100c,frost,4,none,FALSE,FALSE,FALSE,FALSE,,4.287688293,36.74,64.78,60.03,57.13,49.4,39.67,33.97,-316.5192127,0.334644854
../../../saved_checkpoint/cifar100/cifar100_Concrete_2.model,cifar100c,frost,5,none,FALSE,FALSE,FALSE,FALSE,,5.35878979,27.71,61.61,55.74,51.77,51.6,41.51,35.64,-386.9270802,0.41387552
../../../saved_checkpoint/cifar100/cifar100_Concrete_3.model,cifar100c,gaussian_noise,1,none,FALSE,FALSE,FALSE,FALSE,,4.223902691,38.6,68.15,63.42,60.3,50.53,40.58,34.9,-305.2844286,0.357566953
../../../saved_checkpoint/cifar100/cifar100_Concrete_3.model,cifar100c,gaussian_noise,2,none,FALSE,FALSE,FALSE,FALSE,,6.6477769,22.64,63.48,56.12,51.67,57.18,45.68,39.41,-468.6884403,0.494428992
../../../saved_checkpoint/cifar100/cifar100_Concrete_3.model,cifar100c,gaussian_noise,3,none,FALSE,FALSE,FALSE,FALSE,,9.012243027,13.72,60.99,50.97,45.34,58.77,46.29,39.4,-627.6465893,0.581166804
../../../saved_checkpoint/cifar100/cifar100_Concrete_3.model,cifar100c,gaussian_noise,4,none,FALSE,FALSE,FALSE,FALSE,,10.03630023,11.15,59.29,49.81,43.93,58.36,46.44,39.52,-695.6818581,0.610763073
../../../saved_checkpoint/cifar100/cifar100_Concrete_3.model,cifar100c,gaussian_noise,5,none,FALSE,FALSE,FALSE,FALSE,,10.90577336,9.86,57.74,47.85,42.46,57.9,46.11,39.64,-754.3115139,0.623711884
../../../saved_checkpoint/cifar100/cifar100_Concrete_3.model,cifar100c,snow,1,none,FALSE,FALSE,FALSE,FALSE,,2.447039603,60.49,72.66,70.86,69.73,38.33,29.85,25.3,-188.7318611,0.208118156
../../../saved_checkpoint/cifar100/cifar100_Concrete_3.model,cifar100c,snow,2,none,FALSE,FALSE,FALSE,FALSE,,3.933950116,42.94,68.71,64.83,62.12,50.23,40.51,34.7,-294.0607309,0.329619527
../../../saved_checkpoint/cifar100/cifar100_Concrete_3.model,cifar100c,snow,3,none,FALSE,FALSE,FALSE,FALSE,,3.472644932,47.84,69.72,65.82,64.04,47.4,37.7,32.28,-260.0851297,0.289408207
../../../saved_checkpoint/cifar100/cifar100_Concrete_3.model,cifar100c,snow,4,none,FALSE,FALSE,FALSE,FALSE,,3.769085023,43.68,68.67,64.49,62.51,48.67,38.91,33.75,-276.4896393,0.31887871
../../../saved_checkpoint/cifar100/cifar100_Concrete_3.model,cifar100c,snow,5,none,FALSE,FALSE,FALSE,FALSE,,4.519462291,36.4,67.46,62.55,59.31,53.66,42.81,37.13,-333.6009741,0.373201072
../../../saved_checkpoint/cifar100/cifar100_Concrete_3.model,cifar100c,frost,1,none,FALSE,FALSE,FALSE,FALSE,,2.687800102,57.5,72.77,70.82,69.37,39.57,31.04,26.79,-195.4544783,0.232493222
../../../saved_checkpoint/cifar100/cifar100_Concrete_3.model,cifar100c,frost,2,none,FALSE,FALSE,FALSE,FALSE,,3.338130044,48.5,69,65.63,63.37,45.9,36.51,30.95,-252.102375,0.288202345
../../../saved_checkpoint/cifar100/cifar100_Concrete_3.model,cifar100c,frost,3,none,FALSE,FALSE,FALSE,FALSE,,4.403900925,37.73,66.83,61.74,59.05,52.94,42.73,37.12,-327.8501511,0.367793441
../../../saved_checkpoint/cifar100/cifar100_Concrete_3.model,cifar100c,frost,4,none,FALSE,FALSE,FALSE,FALSE,,4.63970047,36.05,66.63,61.19,57.72,52.38,41.98,35.79,-339.4565582,0.38349551
../../../saved_checkpoint/cifar100/cifar100_Concrete_3.model,cifar100c,frost,5,none,FALSE,FALSE,FALSE,FALSE,,5.828224899,27.3,65.07,58.33,54.49,54.99,44.05,38.21,-413.6582851,0.456096768
../../../saved_checkpoint/cifar100/cifar100_Concrete_4.model,cifar100c,gaussian_noise,1,none,FALSE,FALSE,FALSE,FALSE,,3.950756948,41.08,67.3,63.12,60.29,47.12,37.22,31.95,-274.3390799,0.315349698
../../../saved_checkpoint/cifar100/cifar100_Concrete_4.model,cifar100c,gaussian_noise,2,none,FALSE,FALSE,FALSE,FALSE,,5.713353004,26.39,65.17,57.88,53.67,54.78,43.11,37.2,-390.954566,0.440861404
../../../saved_checkpoint/cifar100/cifar100_Concrete_4.model,cifar100c,gaussian_noise,3,none,FALSE,FALSE,FALSE,FALSE,,7.51862222,17.85,61.81,53.69,48.61,57.02,45.58,39.16,-503.9807796,0.532375097
../../../saved_checkpoint/cifar100/cifar100_Concrete_4.model,cifar100c,gaussian_noise,4,none,FALSE,FALSE,FALSE,FALSE,,8.427344648,14.51,60.59,51.9,46.52,58.28,46.89,39.71,-560.1223946,0.572001815
../../../saved_checkpoint/cifar100/cifar100_Concrete_4.model,cifar100c,gaussian_noise,5,none,FALSE,FALSE,FALSE,FALSE,,9.264927541,12.1,59.46,50.03,44.72,57.66,46.01,39.52,-613.7607574,0.603213847
../../../saved_checkpoint/cifar100/cifar100_Concrete_4.model,cifar100c,snow,1,none,FALSE,FALSE,FALSE,FALSE,,2.411371357,60.44,72.57,70.72,69.68,36.77,28.34,24.18,-175.5942464,0.188217461
../../../saved_checkpoint/cifar100/cifar100_Concrete_4.model,cifar100c,snow,2,none,FALSE,FALSE,FALSE,FALSE,,3.587171981,45.17,68.81,65.12,62.55,47.82,38.07,32.36,-262.6133204,0.285917878
../../../saved_checkpoint/cifar100/cifar100_Concrete_4.model,cifar100c,snow,3,none,FALSE,FALSE,FALSE,FALSE,,3.21060515,48.92,69.29,66.56,64.62,45.51,36.56,31.54,-238.3260965,0.25416863
../../../saved_checkpoint/cifar100/cifar100_Concrete_4.model,cifar100c,snow,4,none,FALSE,FALSE,FALSE,FALSE,,3.470699001,45.34,68.53,64.84,62.51,47.61,37.68,32.39,-255.2961826,0.272556186
../../../saved_checkpoint/cifar100/cifar100_Concrete_4.model,cifar100c,snow,5,none,FALSE,FALSE,FALSE,FALSE,,4.173902755,37.97,67.11,62.38,59.11,52.42,41.71,35.72,-305.9405565,0.327818692
../../../saved_checkpoint/cifar100/cifar100_Concrete_4.model,cifar100c,frost,1,none,FALSE,FALSE,FALSE,FALSE,,2.700601896,56.17,71.72,69.64,67.95,38.51,29.85,25.38,-187.6641631,0.212755054
../../../saved_checkpoint/cifar100/cifar100_Concrete_4.model,cifar100c,frost,2,none,FALSE,FALSE,FALSE,FALSE,,3.292255985,47.93,69.12,65.86,64.07,45.05,35.91,31.1,-237.9977465,0.261019945
../../../saved_checkpoint/cifar100/cifar100_Concrete_4.model,cifar100c,frost,3,none,FALSE,FALSE,FALSE,FALSE,,4.256017593,37.17,66.37,60.97,57.89,50.78,39.92,34.26,-305.8267355,0.334713936
../../../saved_checkpoint/cifar100/cifar100_Concrete_4.model,cifar100c,frost,4,none,FALSE,FALSE,FALSE,FALSE,,4.463637143,35.54,65.91,59.68,56.29,49.83,39.2,33.57,-316.6198492,0.348007739
../../../saved_checkpoint/cifar100/cifar100_Concrete_4.model,cifar100c,frost,5,none,FALSE,FALSE,FALSE,FALSE,,5.522188577,27.1,63.68,56.87,53.02,53.12,42.31,36.14,-381.8030596,0.420499086
../../../saved_checkpoint/cifar100/cifar100_Concrete_5.model,cifar100c,gaussian_noise,1,none,FALSE,FALSE,FALSE,FALSE,,4.147242297,40.33,66.85,62.48,59.75,49.22,39.59,34.22,-308.5161209,0.342676818
../../../saved_checkpoint/cifar100/cifar100_Concrete_5.model,cifar100c,gaussian_noise,2,none,FALSE,FALSE,FALSE,FALSE,,6.26185593,25.53,64.09,57.25,52.88,56.34,45.12,38.61,-448.7196445,0.460749865
../../../saved_checkpoint/cifar100/cifar100_Concrete_5.model,cifar100c,gaussian_noise,3,none,FALSE,FALSE,FALSE,FALSE,,8.325454138,16.62,63.66,55.21,49.9,60.48,48.77,41.82,-575.2084732,0.539819241
../../../saved_checkpoint/cifar100/cifar100_Concrete_5.model,cifar100c,gaussian_noise,4,none,FALSE,FALSE,FALSE,FALSE,,9.186988216,13.71,64.68,55.6,50.13,62.71,51.11,44.4,-628.1882763,0.563629448
../../../saved_checkpoint/cifar100/cifar100_Concrete_5.model,cifar100c,gaussian_noise,5,none,FALSE,FALSE,FALSE,FALSE,,9.90311946,11.81,64.79,54.81,49.09,63.98,51.68,44.9,-674.9341011,0.577527344
../../../saved_checkpoint/cifar100/cifar100_Concrete_5.model,cifar100c,snow,1,none,FALSE,FALSE,FALSE,FALSE,,2.405861281,60.93,72.47,70.96,69.85,38.48,30.23,25.8,-191.6603923,0.197973073
../../../saved_checkpoint/cifar100/cifar100_Concrete_5.model,cifar100c,snow,2,none,FALSE,FALSE,FALSE,FALSE,,3.757393384,43.74,66.5,62.7,60.62,49,39.1,33.44,-296.7145681,0.316182733
../../../saved_checkpoint/cifar100/cifar100_Concrete_5.model,cifar100c,snow,3,none,FALSE,FALSE,FALSE,FALSE,,3.349831504,47.72,68.34,64.96,62.6,47.32,37.68,32.64,-264.6765709,0.282503724
../../../saved_checkpoint/cifar100/cifar100_Concrete_5.model,cifar100c,snow,4,none,FALSE,FALSE,FALSE,FALSE,,3.636195081,44.17,68.29,64.84,62.39,49.96,39.99,34.78,-283.3333015,0.300736159
../../../saved_checkpoint/cifar100/cifar100_Concrete_5.model,cifar100c,snow,5,none,FALSE,FALSE,FALSE,FALSE,,4.406822912,36.25,66.05,61.28,58.08,54.9,44.15,37.57,-345.8476305,0.359978855
../../../saved_checkpoint/cifar100/cifar100_Concrete_5.model,cifar100c,frost,1,none,FALSE,FALSE,FALSE,FALSE,,2.604070823,58.21,71.7,69.96,69.04,39.83,30.93,26.81,-201.3871193,0.218155503
../../../saved_checkpoint/cifar100/cifar100_Concrete_5.model,cifar100c,frost,2,none,FALSE,FALSE,FALSE,FALSE,,3.246221631,49.19,67.54,64.6,62.41,46.31,36.99,31.72,-261.0591412,0.272198796
../../../saved_checkpoint/cifar100/cifar100_Concrete_5.model,cifar100c,frost,3,none,FALSE,FALSE,FALSE,FALSE,,4.241748674,38.23,65.79,61.19,58.6,52.5,42.58,36.81,-334.9410057,0.345195889
../../../saved_checkpoint/cifar100/cifar100_Concrete_5.model,cifar100c,frost,4,none,FALSE,FALSE,FALSE,FALSE,,4.440069439,36.85,64.9,60.28,57.21,51.85,41.33,35.46,-345.3909397,0.357820898
../../../saved_checkpoint/cifar100/cifar100_Concrete_5.model,cifar100c,frost,5,none,FALSE,FALSE,FALSE,FALSE,,5.521576563,28.68,63.52,57.14,53.76,55.28,43.86,38,-415.2997017,0.427096903
../../../saved_checkpoint/cifar100/cifar100_topdown_1.model,cifar100c,gaussian_noise,1,topdown,FALSE,FALSE,FALSE,FALSE,0,2.575270335,40.08413462,50.93149038,48.37740385,46.93509615,15.87540064,12.05929487,10.1963141,0,0.052493859
../../../saved_checkpoint/cifar100/cifar100_topdown_2.model,cifar100c,gaussian_noise,1,topdown,FALSE,FALSE,FALSE,FALSE,0,2.655708233,38.80208333,48.17708333,45.89342949,44.55128205,14.54326923,10.87740385,8.954326923,0,0.045179091
../../../saved_checkpoint/cifar100/cifar100_topdown_1.model,cifar100c,gaussian_noise,2,topdown,FALSE,FALSE,FALSE,FALSE,0,3.44778335,23.40745192,37.73036859,34.28485577,32.66225962,18.60977564,14.04246795,11.79887821,0,0.076330535
../../../saved_checkpoint/cifar100/cifar100_topdown_2.model,cifar100c,gaussian_noise,2,topdown,FALSE,FALSE,FALSE,FALSE,0,3.613233712,21.11378205,33.53365385,30.67908654,29.09655449,16.16586538,12.40985577,10.34655449,0,0.113350511
../../../saved_checkpoint/cifar100/cifar100_topdown_1.model,cifar100c,gaussian_noise,3,topdown,FALSE,FALSE,FALSE,FALSE,0,4.112286163,13.92227564,29.22676282,25.09014423,23.38741987,18.24919872,13.35136218,11.24799679,0,0.170080259
../../../saved_checkpoint/cifar100/cifar100_topdown_2.model,cifar100c,gaussian_noise,3,topdown,FALSE,FALSE,FALSE,FALSE,0,4.282589355,11.86899038,25.41065705,22.23557692,20.57291667,16.12580128,12.24959936,10.36658654,0,0.195984557
../../../saved_checkpoint/cifar100/cifar100_topdown_1.model,cifar100c,gaussian_noise,4,topdown,FALSE,FALSE,FALSE,FALSE,0,4.362966728,10.85737179,26.02163462,22.28565705,20.64302885,17.48798077,13.13100962,11.04767628,0,0.204749271
../../../saved_checkpoint/cifar100/cifar100_topdown_2.model,cifar100c,gaussian_noise,4,topdown,FALSE,FALSE,FALSE,FALSE,0,4.504263585,9.495192308,23.73798077,20.02203526,18.32932692,16.30608974,12.08934295,10.15625,0,0.209161282
../../../saved_checkpoint/cifar100/cifar100_topdown_1.model,cifar100c,gaussian_noise,5,topdown,FALSE,FALSE,FALSE,FALSE,0,4.525727047,9.044471154,23.17708333,19.4911859,17.90865385,16.53645833,12.26963141,10.30649038,0,0.221767083
../../../saved_checkpoint/cifar100/cifar100_topdown_2.model,cifar100c,gaussian_noise,5,topdown,FALSE,FALSE,FALSE,FALSE,0,4.633232611,7.932692308,23.55769231,19.74158654,17.94871795,17.32772436,13.09094551,11.07772436,0,0.206081629
../../../saved_checkpoint/cifar100/cifar100_topdown_1.model,cifar100c,snow,1,topdown,FALSE,FALSE,FALSE,FALSE,0,1.757237802,59.18469551,64.94391026,63.56169872,62.86057692,11.04767628,8.36338141,7.061298077,0,0.158766076
../../../saved_checkpoint/cifar100/cifar100_topdown_2.model,cifar100c,snow,1,topdown,FALSE,FALSE,FALSE,FALSE,0,1.74450642,59.83573718,65.16426282,63.93229167,63.17107372,10.85737179,8.203125,6.961137821,0,0.164823651
../../../saved_checkpoint/cifar100/cifar100_topdown_1.model,cifar100c,snow,2,topdown,FALSE,FALSE,FALSE,FALSE,0,2.435736402,43.91025641,52.97475962,50.75120192,49.609375,14.69350962,11.22796474,9.445112179,0,0.081185982
../../../saved_checkpoint/cifar100/cifar100_topdown_2.model,cifar100c,snow,2,topdown,FALSE,FALSE,FALSE,FALSE,0,2.407823,44.46113782,53.20512821,51.2119391,50.22035256,14.59334936,10.95753205,9.164663462,0,0.086433388
../../../saved_checkpoint/cifar100/cifar100_topdown_1.model,cifar100c,snow,3,topdown,FALSE,FALSE,FALSE,FALSE,0,2.243357748,47.75641026,55.55889423,53.70592949,52.99479167,13.77203526,10.21634615,8.563701923,0,0.103090487
../../../saved_checkpoint/cifar100/cifar100_topdown_2.model,cifar100c,snow,3,topdown,FALSE,FALSE,FALSE,FALSE,0,2.217674359,48.7880609,56.49038462,54.35697115,53.62580128,13.29126603,9.835737179,8.183092949,0,0.115434185
../../../saved_checkpoint/cifar100/cifar100_topdown_5.model,cifar100c,gaussian_noise,1,topdown,FALSE,FALSE,FALSE,FALSE,0,2.658868797,38.41145833,48.34735577,45.91346154,44.63141026,14.44310897,10.82732372,9.184695513,0,0.040490445
../../../saved_checkpoint/cifar100/cifar100_topdown_1.model,cifar100c,snow,4,topdown,FALSE,FALSE,FALSE,FALSE,0,2.369237776,45.11217949,54.05649038,51.82291667,50.60096154,14.61338141,10.77724359,8.994391026,0,0.089902371
../../../saved_checkpoint/cifar100/cifar100_topdown_2.model,cifar100c,snow,4,topdown,FALSE,FALSE,FALSE,FALSE,0,2.356430947,45.79326923,55.06810897,52.75440705,51.67267628,14.82371795,10.98758013,9.14463141,0,0.103072733
../../../saved_checkpoint/cifar100/cifar100_topdown_5.model,cifar100c,gaussian_noise,2,topdown,FALSE,FALSE,FALSE,FALSE,0,3.613259793,21.18389423,33.53365385,30.17828526,28.71594551,16.15584936,12.03926282,10.03605769,0,0.114024542
../../../saved_checkpoint/cifar100/cifar100_topdown_1.model,cifar100c,snow,5,topdown,FALSE,FALSE,FALSE,FALSE,0,2.686914012,38.47155449,49.40905449,46.8349359,45.46274038,16.52644231,12.36979167,10.23637821,0,0.055481091
../../../saved_checkpoint/cifar100/cifar100_topdown_2.model,cifar100c,snow,5,topdown,FALSE,FALSE,FALSE,FALSE,0,2.646423683,39.09254808,50.36057692,47.89663462,46.36418269,16.99719551,12.9306891,10.81730769,0,0.067420833
../../../saved_checkpoint/cifar100/cifar100_topdown_5.model,cifar100c,gaussian_noise,3,topdown,FALSE,FALSE,FALSE,FALSE,0,4.28224896,11.88902244,25.81129808,22.04527244,20.29246795,16.54647436,12.07932692,10.04607372,0,0.196009532
../../../saved_checkpoint/cifar100/cifar100_topdown_4.model,cifar100c,gaussian_noise,1,topdown,FALSE,FALSE,FALSE,FALSE,0,2.655418618,38.85216346,48.59775641,46.34415064,44.93189103,14.71354167,11.19791667,9.264823718,0,0.045330349
../../../saved_checkpoint/cifar100/cifar100_topdown_1.model,cifar100c,frost,1,topdown,FALSE,FALSE,FALSE,FALSE,0,1.815778576,58.07291667,64.07251603,62.62019231,61.88902244,11.40825321,8.59375,7.101362179,0,0.146487236
../../../saved_checkpoint/cifar100/cifar100_topdown_2.model,cifar100c,frost,1,topdown,FALSE,FALSE,FALSE,FALSE,0,1.827178996,57.74238782,63.74198718,62.30969551,61.77884615,11.58854167,8.533653846,7.301682692,0,0.152692676
../../../saved_checkpoint/cifar100/cifar100_topdown_3.model,cifar100c,gaussian_noise,1,topdown,FALSE,FALSE,FALSE,FALSE,0,2.575846103,39.92387821,50.91145833,48.33733974,47.01522436,15.99559295,12.41987179,10.25641026,0,0.051473781
../../../saved_checkpoint/cifar100/cifar100_topdown_5.model,cifar100c,gaussian_noise,4,topdown,FALSE,FALSE,FALSE,FALSE,0,4.506618119,9.485176282,23.90825321,20.11217949,18.18910256,16.30608974,12.1494391,10.06610577,0,0.208760947
../../../saved_checkpoint/cifar100/cifar100_topdown_1.model,cifar100c,frost,2,topdown,FALSE,FALSE,FALSE,FALSE,0,2.184503139,49.61939103,57.45192308,55.57892628,54.74759615,13.2411859,10.00600962,8.493589744,0,0.101302519
../../../saved_checkpoint/cifar100/cifar100_topdown_2.model,cifar100c,frost,2,topdown,FALSE,FALSE,FALSE,FALSE,0,2.167626449,49.92988782,57.49198718,55.59895833,54.44711538,13.25120192,9.795673077,8.062900641,0,0.11368373
../../../saved_checkpoint/cifar100/cifar100_topdown_5.model,cifar100c,gaussian_noise,5,topdown,FALSE,FALSE,FALSE,FALSE,0,4.63148161,8.082932692,23.34735577,19.78165064,17.79847756,17.2275641,13.20112179,10.9775641,0,0.204379573
../../../saved_checkpoint/cifar100/cifar100_topdown_1.model,cifar100c,frost,3,topdown,FALSE,FALSE,FALSE,FALSE,0,2.65091845,39.39302885,48.89823718,46.71474359,45.703125,14.55328526,11.00761218,9.274839744,0,0.034421492
../../../saved_checkpoint/cifar100/cifar100_topdown_2.model,cifar100c,frost,3,topdown,FALSE,FALSE,FALSE,FALSE,0,2.634817271,39.58333333,48.92828526,46.57451923,45.50280449,14.95392628,10.99759615,9.184695513,0,0.0477232
../../../saved_checkpoint/cifar100/cifar100_topdown_5.model,cifar100c,snow,1,topdown,FALSE,FALSE,FALSE,FALSE,0,1.749411192,59.39503205,65.42467949,63.95232372,63.20112179,10.87740385,8.263221154,7.011217949,0,0.161253527
../../../saved_checkpoint/cifar100/cifar100_topdown_1.model,cifar100c,frost,4,topdown,FALSE,FALSE,FALSE,FALSE,0,2.752302781,37.02924679,47.2255609,44.71153846,43.69991987,14.86378205,11.22796474,9.555288462,0,0.027078506
../../../saved_checkpoint/cifar100/cifar100_topdown_2.model,cifar100c,frost,4,topdown,FALSE,FALSE,FALSE,FALSE,0,2.705952529,37.55008013,47.32572115,45.19230769,43.87019231,15.36458333,11.68870192,9.485176282,0,0.029024603
../../../saved_checkpoint/cifar100/cifar100_topdown_4.model,cifar100c,gaussian_noise,2,topdown,FALSE,FALSE,FALSE,FALSE,0,3.6154672,21.01362179,33.45352564,30.4286859,29.00641026,15.86538462,12.01923077,9.935897436,0,0.113270663
../../../saved_checkpoint/cifar100/cifar100_topdown_5.model,cifar100c,snow,2,topdown,FALSE,FALSE,FALSE,FALSE,0,2.410221278,44.29086538,53.50560897,51.47235577,50.40064103,14.28285256,10.90745192,9.254807692,0,0.084410004
../../../saved_checkpoint/cifar100/cifar100_topdown_3.model,cifar100c,gaussian_noise,2,topdown,FALSE,FALSE,FALSE,FALSE,0,3.449014769,23.25721154,37.56009615,34.3349359,32.67227564,18.28926282,13.92227564,11.85897436,0,0.078135781
../../../saved_checkpoint/cifar100/cifar100_topdown_1.model,cifar100c,frost,5,topdown,FALSE,FALSE,FALSE,FALSE,0,3.175551075,29.36698718,40.22435897,37.37980769,36.02764423,15.68509615,11.73878205,9.805689103,0,0.065456979
../../../saved_checkpoint/cifar100/cifar100_topdown_2.model,cifar100c,frost,5,topdown,FALSE,FALSE,FALSE,FALSE,0,3.129570489,29.7275641,40.234375,37.94070513,36.56850962,14.91386218,11.59855769,9.665464744,0,0.055332251
../../../saved_checkpoint/cifar100/cifar100_topdown_5.model,cifar100c,snow,3,topdown,FALSE,FALSE,FALSE,FALSE,0,2.221335524,48.38741987,56.31009615,54.36698718,53.26522436,13.53165064,10.04607372,8.383413462,0,0.111403801
../../../saved_checkpoint/cifar100/cifar100_topdown_5.model,cifar100c,snow,4,topdown,FALSE,FALSE,FALSE,FALSE,0,2.357905072,46.03365385,54.69751603,52.6943109,51.72275641,14.95392628,11.48838141,9.755608974,0,0.104177676
../../../saved_checkpoint/cifar100/cifar100_topdown_4.model,cifar100c,gaussian_noise,3,topdown,FALSE,FALSE,FALSE,FALSE,0,4.285121849,11.95913462,25.03004808,21.8349359,20.13221154,15.61498397,11.91907051,9.875801282,0,0.196247727
../../../saved_checkpoint/cifar100/cifar100_topdown_5.model,cifar100c,snow,5,topdown,FALSE,FALSE,FALSE,FALSE,0,2.650163092,39.32291667,50.31049679,47.44591346,46.00360577,16.85697115,12.51001603,10.34655449,0,0.069762379
../../../saved_checkpoint/cifar100/cifar100_topdown_3.model,cifar100c,gaussian_noise,3,topdown,FALSE,FALSE,FALSE,FALSE,0,4.110736465,13.87219551,29.37700321,25.52083333,23.59775641,18.46955128,14.03245192,11.66866987,0,0.168638304
../../../saved_checkpoint/cifar100/cifar100_topdown_5.model,cifar100c,frost,1,topdown,FALSE,FALSE,FALSE,FALSE,0,1.828141527,57.8525641,63.70192308,62.62019231,61.91907051,11.35817308,8.733974359,7.371794872,0,0.153305158
../../../saved_checkpoint/cifar100/cifar100_topdown_5.model,cifar100c,frost,2,topdown,FALSE,FALSE,FALSE,FALSE,0,2.16918489,49.9599359,57.59214744,55.93950321,55.20833333,13.40144231,10.14623397,8.673878205,0,0.113968216
../../../saved_checkpoint/cifar100/cifar100_topdown_5.model,cifar100c,frost,3,topdown,FALSE,FALSE,FALSE,FALSE,0,2.634980761,39.27283654,49.20873397,46.72475962,45.48277244,15.14423077,11.35817308,9.53525641,0,0.044797473
../../../saved_checkpoint/cifar100/cifar100_topdown_4.model,cifar100c,gaussian_noise,4,topdown,FALSE,FALSE,FALSE,FALSE,0,4.503299938,9.415064103,24.04847756,20.30248397,18.34935897,16.25600962,12.02924679,9.99599359,0,0.209082365
../../../saved_checkpoint/cifar100/cifar100_topdown_5.model,cifar100c,frost,4,topdown,FALSE,FALSE,FALSE,FALSE,0,2.707893064,37.66025641,47.28565705,44.70152244,43.34935897,14.85376603,11.16786859,9.094551282,0,0.030884074
../../../saved_checkpoint/cifar100/cifar100_topdown_3.model,cifar100c,gaussian_noise,4,topdown,FALSE,FALSE,FALSE,FALSE,0,4.358866483,11.01762821,26.08173077,22.37580128,20.58293269,17.54807692,13.2411859,11.14783654,0,0.203064412
../../../saved_checkpoint/cifar100/cifar100_topdown_5.model,cifar100c,frost,5,topdown,FALSE,FALSE,FALSE,FALSE,0,3.128306416,29.73758013,40.35456731,37.70032051,36.38822115,15.50480769,11.60857372,9.775641026,0,0.053356811
../../../saved_checkpoint/cifar100/cifar100_topdown_4.model,cifar100c,gaussian_noise,5,topdown,FALSE,FALSE,FALSE,FALSE,0,4.634759703,8.102964744,23.41746795,19.54126603,17.52804487,17.17748397,12.92067308,10.68709936,0,0.204029888
../../../saved_checkpoint/cifar100/cifar100_topdown_3.model,cifar100c,gaussian_noise,5,topdown,FALSE,FALSE,FALSE,FALSE,0,4.527247431,8.904246795,23.4375,19.83173077,18.29927885,16.61658654,12.34975962,10.53685897,0,0.222728297
../../../saved_checkpoint/cifar100/cifar100_topdown_4.model,cifar100c,snow,1,topdown,FALSE,FALSE,FALSE,FALSE,0,1.745159477,59.82572115,65.61498397,64.15264423,63.45152244,11.23798077,8.393429487,6.991185897,0,0.16576843
../../../saved_checkpoint/cifar100/cifar100_topdown_3.model,cifar100c,snow,1,topdown,FALSE,FALSE,FALSE,FALSE,0,1.760444475,59.25480769,65.26442308,63.88221154,63.16105769,11.21794872,8.493589744,7.091346154,0,0.159232333
../../../saved_checkpoint/cifar100/cifar100_topdown_4.model,cifar100c,snow,2,topdown,FALSE,FALSE,FALSE,FALSE,0,2.41300299,44.39102564,53.14503205,50.84134615,49.63942308,14.28285256,10.51682692,8.874198718,0,0.086684503
../../../saved_checkpoint/cifar100/cifar100_topdown_3.model,cifar100c,snow,2,topdown,FALSE,FALSE,FALSE,FALSE,0,2.434484205,44.06049679,52.55408654,50.72115385,49.75961538,14.34294872,11.14783654,9.224759615,0,0.082296364
../../../saved_checkpoint/cifar100/cifar100_topdown_4.model,cifar100c,snow,3,topdown,FALSE,FALSE,FALSE,FALSE,0,2.221780947,48.49759615,56.82091346,54.88782051,53.82612179,13.49158654,10.27644231,8.533653846,0,0.112820387
../../../saved_checkpoint/cifar100/cifar100_topdown_3.model,cifar100c,snow,3,topdown,FALSE,FALSE,FALSE,FALSE,0,2.246508669,47.72636218,55.86939103,54.00641026,53.09495192,13.61177885,10.16626603,8.573717949,0,0.102927633
../../../saved_checkpoint/cifar100/cifar100_topdown_4.model,cifar100c,snow,4,topdown,FALSE,FALSE,FALSE,FALSE,0,2.354594189,45.97355769,55.10817308,52.95472756,51.86298077,15.28445513,11.44831731,9.795673077,0,0.104240485
../../../saved_checkpoint/cifar100/cifar100_topdown_3.model,cifar100c,snow,4,topdown,FALSE,FALSE,FALSE,FALSE,0,2.367487344,44.9619391,54.16666667,51.71274038,50.71113782,14.43309295,10.59695513,8.994391026,0,0.088508546
../../../saved_checkpoint/cifar100/cifar100_topdown_4.model,cifar100c,snow,5,topdown,FALSE,FALSE,FALSE,FALSE,0,2.651974096,39.04246795,50.51081731,47.97676282,46.63461538,16.796875,12.94070513,10.9775641,0,0.066883013
../../../saved_checkpoint/cifar100/cifar100_topdown_3.model,cifar100c,snow,5,topdown,FALSE,FALSE,FALSE,FALSE,0,2.690031816,38.50160256,49.74959936,47.01522436,45.49278846,16.15584936,12.33974359,10.27644231,0,0.055845231
../../../saved_checkpoint/cifar100/cifar100_topdown_4.model,cifar100c,frost,1,topdown,FALSE,FALSE,FALSE,FALSE,0,1.828466444,57.89262821,63.96233974,62.64022436,61.97916667,11.49839744,8.693910256,7.391826923,0,0.154363438
../../../saved_checkpoint/cifar100/cifar100_topdown_3.model,cifar100c,frost,1,topdown,FALSE,FALSE,FALSE,FALSE,0,1.815294455,58.05288462,63.90224359,62.42988782,61.66866987,11.35817308,8.543669872,7.221554487,0,0.146003976
../../../saved_checkpoint/cifar100/cifar100_topdown_4.model,cifar100c,frost,2,topdown,FALSE,FALSE,FALSE,FALSE,0,2.16950712,49.67948718,57.96274038,55.84935897,55.01802885,13.45152244,10.21634615,8.703926282,0,0.111722425
../../../saved_checkpoint/cifar100/cifar100_topdown_4.model,cifar100c,frost,3,topdown,FALSE,FALSE,FALSE,FALSE,0,2.634572102,39.47315705,49.10857372,46.71474359,45.68309295,15.16426282,11.46834936,9.675480769,0,0.048981961
../../../saved_checkpoint/cifar100/cifar100_topdown_3.model,cifar100c,frost,2,topdown,FALSE,FALSE,FALSE,FALSE,0,2.187433191,49.32892628,57.53205128,55.59895833,54.54727564,13.17107372,9.815705128,8.263221154,0,0.098547153
../../../saved_checkpoint/cifar100/cifar100_topdown_4.model,cifar100c,frost,4,topdown,FALSE,FALSE,FALSE,FALSE,0,2.704936714,37.69030449,47.25560897,44.77163462,43.59975962,14.89383013,10.78725962,8.994391026,0,0.029633561
../../../saved_checkpoint/cifar100/cifar100_topdown_3.model,cifar100c,frost,3,topdown,FALSE,FALSE,FALSE,FALSE,0,2.650332365,39.32291667,48.88822115,46.65464744,45.36258013,14.61338141,11.05769231,9.385016026,0,0.035233106
../../../saved_checkpoint/cifar100/cifar100_topdown_4.model,cifar100c,frost,5,topdown,FALSE,FALSE,FALSE,FALSE,0,3.126400438,29.96794872,40.10416667,37.58012821,36.01762821,15.30448718,11.53846154,9.375,0,0.053482596
../../../saved_checkpoint/cifar100/cifar100_topdown_3.model,cifar100c,frost,4,topdown,FALSE,FALSE,FALSE,FALSE,0,2.749264165,37.18950321,46.85496795,44.46113782,43.33934295,15.03405449,11.27804487,9.395032051,0,0.023370493
../../../saved_checkpoint/cifar100/cifar100_topdown_3.model,cifar100c,frost,5,topdown,FALSE,FALSE,FALSE,FALSE,0,3.177095304,29.07652244,40.09415064,37.39983974,35.92748397,15.56490385,11.76883013,9.675480769,0,0.06695091
